timestamp,platform,python,N,seeder,shots,K_out,K_select,backend,device,budget_s,max_iters,rng_seed,t_seeder_total_s,t_seeder_compile_s,t_seeder_sampling_s,t_postselect_s,t_mts_total_s,best_seed_energy,best_final_energy,diversity_mean_hamming,seeder_info,postselect_info,mts_summary,artifact_prefix
1769923332.352829,Linux-6.8.0-90-generic-x86_64-with-glibc2.35,3.12.12,20,random,256,256,32,gpu,gpu,3.0,,0,0.00025813800039031776,0.0,0.00025147799988189945,0.0009350860000267858,3.0005527879998226,58,26.0,10.125,"{'seeder': 'random', 'backend': 'gpu', 'rng_seed': 0, 'compile_s': 0.0, 'sampling_s': 0.00025147799988189945, 'shots': 256, 'K_out': 256, 'notes': 'IID random ±1 baseline'}","{'K_in': 256, 'K_select': 32, 'energy_min': 58.0, 'energy_median': 178.0, 'energy_mean': 201.875}","{'iters': 4907, 'best_energy': 26.0, 'trace_len': 982}",N20_random_seed0
1769923335.4681716,Linux-6.8.0-90-generic-x86_64-with-glibc2.35,3.12.12,20,qaoa,256,256,32,gpu,gpu,3.0,,0,0.11018160599996918,0.06997929799990743,0.0044150140001875116,0.0008770569997977873,3.0006395059999704,62,26.0,9.953629032258064,"{'seeder': 'qaoa', 'backend': 'gpu', 'cudaq_available': True, 'cudaq_target': 'nvidia', 'cudaq_seeded': True, 'compile_s': 0.06997929799990743, 'sampling_s': 0.0044150140001875116, 'shots': 256, 'K_out': 256, 'qubits': 20, 'depth_proxy': 119, 'raw_energy_min': 62, 'raw_energy_mean': 199.234375, 'params': {'p': 1, 'gamma': 0.8369616873214543, 'beta': 0.4697867137638703, 'max_lag': 6, 'bit_order': 'as_returned'}}","{'K_in': 256, 'K_select': 32, 'energy_min': 62.0, 'energy_median': 182.0, 'energy_mean': 199.234375}","{'iters': 5149, 'best_energy': 26.0, 'trace_len': 1030}",N20_qaoa_seed0
1769923340.357608,Linux-6.8.0-90-generic-x86_64-with-glibc2.35,3.12.12,20,dcqo,256,256,32,gpu,gpu,3.0,,0,1.8839362950002396,1.1479182809998747,0.09907902199984164,0.0008793020001576224,3.0004010029997517,66,26.0,10.137096774193548,"{'seeder': 'dcqo', 'backend': 'gpu', 'cudaq_available': True, 'cudaq_target': 'nvidia', 'cudaq_seeded': True, 'compile_s': 1.1479182809998747, 'sampling_s': 0.09907902199984164, 'shots': 256, 'K_out': 256, 'qubits': 20, 'depth_proxy': 2856, 'raw_energy_min': 66, 'raw_energy_mean': 264.140625, 'params': {'steps': 24, 'max_lag': 6, 'total_time': 1.0, 'bit_order': 'as_returned'}}","{'K_in': 256, 'K_select': 32, 'energy_min': 66.0, 'energy_median': 210.0, 'energy_mean': 264.140625}","{'iters': 5130, 'best_energy': 26.0, 'trace_len': 1026}",N20_dcqo_seed0
1769923345.2625175,Linux-6.8.0-90-generic-x86_64-with-glibc2.35,3.12.12,20,dcqo_plus,256,256,32,gpu,gpu,3.0,,0,1.8998633839996728,1.163929084999836,0.10105400000020381,0.0009483640001235472,3.0003253330000916,66,26.0,10.137096774193548,"{'seeder': 'dcqo_plus', 'backend': 'gpu', 'cudaq_available': True, 'cudaq_target': 'nvidia', 'cudaq_seeded': True, 'compile_s': 1.163929084999836, 'sampling_s': 0.10105400000020381, 'shots': 256, 'K_out': 256, 'qubits': 20, 'depth_proxy': 2856, 'raw_energy_min': 66, 'raw_energy_mean': 264.140625, 'params': {'steps': 24, 'max_lag': 6, 'total_time': 1.0, 'bit_order': 'as_returned', 'trotter_config': {'time_grid': 'right_endpoint', 'ordering': 'fixed', 'K_perm': 1}}, 'trotter_meta': {'time_grid': 'right_endpoint', 'ordering': 'fixed', 'K_perm': 1, 't_points': [0.041666666666666664, 0.08333333333333333, 0.125, 0.16666666666666666, 0.20833333333333334, 0.25, 0.2916666666666667, 0.3333333333333333, 0.375, 0.4166666666666667, 0.4583333333333333, 0.5, 0.5416666666666666, 0.5833333333333334, 0.625, 0.6666666666666666, 0.7083333333333334, 0.75, 0.7916666666666666, 0.8333333333333334, 0.875, 0.9166666666666666, 0.9583333333333334, 1.0], 'order_sigs': ['bc8fe38e993915eb', 'bc8fe38e993915eb', 'bc8fe38e993915eb', 'bc8fe38e993915eb', 'bc8fe38e993915eb', 'bc8fe38e993915eb', 'bc8fe38e993915eb', 'bc8fe38e993915eb', 'bc8fe38e993915eb', 'bc8fe38e993915eb', 'bc8fe38e993915eb', 'bc8fe38e993915eb', 'bc8fe38e993915eb', 'bc8fe38e993915eb', 'bc8fe38e993915eb', 'bc8fe38e993915eb', 'bc8fe38e993915eb', 'bc8fe38e993915eb', 'bc8fe38e993915eb', 'bc8fe38e993915eb', 'bc8fe38e993915eb', 'bc8fe38e993915eb', 'bc8fe38e993915eb', 'bc8fe38e993915eb'], 'pair_count': 99, 'depth_proxy': 2856, 'orders_preview': [{'first20': [0, 1, 2, 3, 4, 5, 6, 7, 8, 9, 10, 11, 12, 13, 14, 15, 16, 17, 18, 19], 'last20': [79, 80, 81, 82, 83, 84, 85, 86, 87, 88, 89, 90, 91, 92, 93, 94, 95, 96, 97, 98]}, {'first20': [0, 1, 2, 3, 4, 5, 6, 7, 8, 9, 10, 11, 12, 13, 14, 15, 16, 17, 18, 19], 'last20': [79, 80, 81, 82, 83, 84, 85, 86, 87, 88, 89, 90, 91, 92, 93, 94, 95, 96, 97, 98]}, {'first20': [0, 1, 2, 3, 4, 5, 6, 7, 8, 9, 10, 11, 12, 13, 14, 15, 16, 17, 18, 19], 'last20': [79, 80, 81, 82, 83, 84, 85, 86, 87, 88, 89, 90, 91, 92, 93, 94, 95, 96, 97, 98]}, {'first20': [0, 1, 2, 3, 4, 5, 6, 7, 8, 9, 10, 11, 12, 13, 14, 15, 16, 17, 18, 19], 'last20': [79, 80, 81, 82, 83, 84, 85, 86, 87, 88, 89, 90, 91, 92, 93, 94, 95, 96, 97, 98]}, {'first20': [0, 1, 2, 3, 4, 5, 6, 7, 8, 9, 10, 11, 12, 13, 14, 15, 16, 17, 18, 19], 'last20': [79, 80, 81, 82, 83, 84, 85, 86, 87, 88, 89, 90, 91, 92, 93, 94, 95, 96, 97, 98]}, {'first20': [0, 1, 2, 3, 4, 5, 6, 7, 8, 9, 10, 11, 12, 13, 14, 15, 16, 17, 18, 19], 'last20': [79, 80, 81, 82, 83, 84, 85, 86, 87, 88, 89, 90, 91, 92, 93, 94, 95, 96, 97, 98]}, {'first20': [0, 1, 2, 3, 4, 5, 6, 7, 8, 9, 10, 11, 12, 13, 14, 15, 16, 17, 18, 19], 'last20': [79, 80, 81, 82, 83, 84, 85, 86, 87, 88, 89, 90, 91, 92, 93, 94, 95, 96, 97, 98]}, {'first20': [0, 1, 2, 3, 4, 5, 6, 7, 8, 9, 10, 11, 12, 13, 14, 15, 16, 17, 18, 19], 'last20': [79, 80, 81, 82, 83, 84, 85, 86, 87, 88, 89, 90, 91, 92, 93, 94, 95, 96, 97, 98]}, {'first20': [0, 1, 2, 3, 4, 5, 6, 7, 8, 9, 10, 11, 12, 13, 14, 15, 16, 17, 18, 19], 'last20': [79, 80, 81, 82, 83, 84, 85, 86, 87, 88, 89, 90, 91, 92, 93, 94, 95, 96, 97, 98]}, {'first20': [0, 1, 2, 3, 4, 5, 6, 7, 8, 9, 10, 11, 12, 13, 14, 15, 16, 17, 18, 19], 'last20': [79, 80, 81, 82, 83, 84, 85, 86, 87, 88, 89, 90, 91, 92, 93, 94, 95, 96, 97, 98]}, {'first20': [0, 1, 2, 3, 4, 5, 6, 7, 8, 9, 10, 11, 12, 13, 14, 15, 16, 17, 18, 19], 'last20': [79, 80, 81, 82, 83, 84, 85, 86, 87, 88, 89, 90, 91, 92, 93, 94, 95, 96, 97, 98]}, {'first20': [0, 1, 2, 3, 4, 5, 6, 7, 8, 9, 10, 11, 12, 13, 14, 15, 16, 17, 18, 19], 'last20': [79, 80, 81, 82, 83, 84, 85, 86, 87, 88, 89, 90, 91, 92, 93, 94, 95, 96, 97, 98]}, {'first20': [0, 1, 2, 3, 4, 5, 6, 7, 8, 9, 10, 11, 12, 13, 14, 15, 16, 17, 18, 19], 'last20': [79, 80, 81, 82, 83, 84, 85, 86, 87, 88, 89, 90, 91, 92, 93, 94, 95, 96, 97, 98]}, {'first20': [0, 1, 2, 3, 4, 5, 6, 7, 8, 9, 10, 11, 12, 13, 14, 15, 16, 17, 18, 19], 'last20': [79, 80, 81, 82, 83, 84, 85, 86, 87, 88, 89, 90, 91, 92, 93, 94, 95, 96, 97, 98]}, {'first20': [0, 1, 2, 3, 4, 5, 6, 7, 8, 9, 10, 11, 12, 13, 14, 15, 16, 17, 18, 19], 'last20': [79, 80, 81, 82, 83, 84, 85, 86, 87, 88, 89, 90, 91, 92, 93, 94, 95, 96, 97, 98]}, {'first20': [0, 1, 2, 3, 4, 5, 6, 7, 8, 9, 10, 11, 12, 13, 14, 15, 16, 17, 18, 19], 'last20': [79, 80, 81, 82, 83, 84, 85, 86, 87, 88, 89, 90, 91, 92, 93, 94, 95, 96, 97, 98]}, {'first20': [0, 1, 2, 3, 4, 5, 6, 7, 8, 9, 10, 11, 12, 13, 14, 15, 16, 17, 18, 19], 'last20': [79, 80, 81, 82, 83, 84, 85, 86, 87, 88, 89, 90, 91, 92, 93, 94, 95, 96, 97, 98]}, {'first20': [0, 1, 2, 3, 4, 5, 6, 7, 8, 9, 10, 11, 12, 13, 14, 15, 16, 17, 18, 19], 'last20': [79, 80, 81, 82, 83, 84, 85, 86, 87, 88, 89, 90, 91, 92, 93, 94, 95, 96, 97, 98]}, {'first20': [0, 1, 2, 3, 4, 5, 6, 7, 8, 9, 10, 11, 12, 13, 14, 15, 16, 17, 18, 19], 'last20': [79, 80, 81, 82, 83, 84, 85, 86, 87, 88, 89, 90, 91, 92, 93, 94, 95, 96, 97, 98]}, {'first20': [0, 1, 2, 3, 4, 5, 6, 7, 8, 9, 10, 11, 12, 13, 14, 15, 16, 17, 18, 19], 'last20': [79, 80, 81, 82, 83, 84, 85, 86, 87, 88, 89, 90, 91, 92, 93, 94, 95, 96, 97, 98]}, {'first20': [0, 1, 2, 3, 4, 5, 6, 7, 8, 9, 10, 11, 12, 13, 14, 15, 16, 17, 18, 19], 'last20': [79, 80, 81, 82, 83, 84, 85, 86, 87, 88, 89, 90, 91, 92, 93, 94, 95, 96, 97, 98]}, {'first20': [0, 1, 2, 3, 4, 5, 6, 7, 8, 9, 10, 11, 12, 13, 14, 15, 16, 17, 18, 19], 'last20': [79, 80, 81, 82, 83, 84, 85, 86, 87, 88, 89, 90, 91, 92, 93, 94, 95, 96, 97, 98]}, {'first20': [0, 1, 2, 3, 4, 5, 6, 7, 8, 9, 10, 11, 12, 13, 14, 15, 16, 17, 18, 19], 'last20': [79, 80, 81, 82, 83, 84, 85, 86, 87, 88, 89, 90, 91, 92, 93, 94, 95, 96, 97, 98]}, {'first20': [0, 1, 2, 3, 4, 5, 6, 7, 8, 9, 10, 11, 12, 13, 14, 15, 16, 17, 18, 19], 'last20': [79, 80, 81, 82, 83, 84, 85, 86, 87, 88, 89, 90, 91, 92, 93, 94, 95, 96, 97, 98]}], 'orders_full': [[0, 1, 2, 3, 4, 5, 6, 7, 8, 9, 10, 11, 12, 13, 14, 15, 16, 17, 18, 19, 20, 21, 22, 23, 24, 25, 26, 27, 28, 29, 30, 31, 32, 33, 34, 35, 36, 37, 38, 39, 40, 41, 42, 43, 44, 45, 46, 47, 48, 49, 50, 51, 52, 53, 54, 55, 56, 57, 58, 59, 60, 61, 62, 63, 64, 65, 66, 67, 68, 69, 70, 71, 72, 73, 74, 75, 76, 77, 78, 79, 80, 81, 82, 83, 84, 85, 86, 87, 88, 89, 90, 91, 92, 93, 94, 95, 96, 97, 98], [0, 1, 2, 3, 4, 5, 6, 7, 8, 9, 10, 11, 12, 13, 14, 15, 16, 17, 18, 19, 20, 21, 22, 23, 24, 25, 26, 27, 28, 29, 30, 31, 32, 33, 34, 35, 36, 37, 38, 39, 40, 41, 42, 43, 44, 45, 46, 47, 48, 49, 50, 51, 52, 53, 54, 55, 56, 57, 58, 59, 60, 61, 62, 63, 64, 65, 66, 67, 68, 69, 70, 71, 72, 73, 74, 75, 76, 77, 78, 79, 80, 81, 82, 83, 84, 85, 86, 87, 88, 89, 90, 91, 92, 93, 94, 95, 96, 97, 98], [0, 1, 2, 3, 4, 5, 6, 7, 8, 9, 10, 11, 12, 13, 14, 15, 16, 17, 18, 19, 20, 21, 22, 23, 24, 25, 26, 27, 28, 29, 30, 31, 32, 33, 34, 35, 36, 37, 38, 39, 40, 41, 42, 43, 44, 45, 46, 47, 48, 49, 50, 51, 52, 53, 54, 55, 56, 57, 58, 59, 60, 61, 62, 63, 64, 65, 66, 67, 68, 69, 70, 71, 72, 73, 74, 75, 76, 77, 78, 79, 80, 81, 82, 83, 84, 85, 86, 87, 88, 89, 90, 91, 92, 93, 94, 95, 96, 97, 98], [0, 1, 2, 3, 4, 5, 6, 7, 8, 9, 10, 11, 12, 13, 14, 15, 16, 17, 18, 19, 20, 21, 22, 23, 24, 25, 26, 27, 28, 29, 30, 31, 32, 33, 34, 35, 36, 37, 38, 39, 40, 41, 42, 43, 44, 45, 46, 47, 48, 49, 50, 51, 52, 53, 54, 55, 56, 57, 58, 59, 60, 61, 62, 63, 64, 65, 66, 67, 68, 69, 70, 71, 72, 73, 74, 75, 76, 77, 78, 79, 80, 81, 82, 83, 84, 85, 86, 87, 88, 89, 90, 91, 92, 93, 94, 95, 96, 97, 98], [0, 1, 2, 3, 4, 5, 6, 7, 8, 9, 10, 11, 12, 13, 14, 15, 16, 17, 18, 19, 20, 21, 22, 23, 24, 25, 26, 27, 28, 29, 30, 31, 32, 33, 34, 35, 36, 37, 38, 39, 40, 41, 42, 43, 44, 45, 46, 47, 48, 49, 50, 51, 52, 53, 54, 55, 56, 57, 58, 59, 60, 61, 62, 63, 64, 65, 66, 67, 68, 69, 70, 71, 72, 73, 74, 75, 76, 77, 78, 79, 80, 81, 82, 83, 84, 85, 86, 87, 88, 89, 90, 91, 92, 93, 94, 95, 96, 97, 98], [0, 1, 2, 3, 4, 5, 6, 7, 8, 9, 10, 11, 12, 13, 14, 15, 16, 17, 18, 19, 20, 21, 22, 23, 24, 25, 26, 27, 28, 29, 30, 31, 32, 33, 34, 35, 36, 37, 38, 39, 40, 41, 42, 43, 44, 45, 46, 47, 48, 49, 50, 51, 52, 53, 54, 55, 56, 57, 58, 59, 60, 61, 62, 63, 64, 65, 66, 67, 68, 69, 70, 71, 72, 73, 74, 75, 76, 77, 78, 79, 80, 81, 82, 83, 84, 85, 86, 87, 88, 89, 90, 91, 92, 93, 94, 95, 96, 97, 98], [0, 1, 2, 3, 4, 5, 6, 7, 8, 9, 10, 11, 12, 13, 14, 15, 16, 17, 18, 19, 20, 21, 22, 23, 24, 25, 26, 27, 28, 29, 30, 31, 32, 33, 34, 35, 36, 37, 38, 39, 40, 41, 42, 43, 44, 45, 46, 47, 48, 49, 50, 51, 52, 53, 54, 55, 56, 57, 58, 59, 60, 61, 62, 63, 64, 65, 66, 67, 68, 69, 70, 71, 72, 73, 74, 75, 76, 77, 78, 79, 80, 81, 82, 83, 84, 85, 86, 87, 88, 89, 90, 91, 92, 93, 94, 95, 96, 97, 98], [0, 1, 2, 3, 4, 5, 6, 7, 8, 9, 10, 11, 12, 13, 14, 15, 16, 17, 18, 19, 20, 21, 22, 23, 24, 25, 26, 27, 28, 29, 30, 31, 32, 33, 34, 35, 36, 37, 38, 39, 40, 41, 42, 43, 44, 45, 46, 47, 48, 49, 50, 51, 52, 53, 54, 55, 56, 57, 58, 59, 60, 61, 62, 63, 64, 65, 66, 67, 68, 69, 70, 71, 72, 73, 74, 75, 76, 77, 78, 79, 80, 81, 82, 83, 84, 85, 86, 87, 88, 89, 90, 91, 92, 93, 94, 95, 96, 97, 98], [0, 1, 2, 3, 4, 5, 6, 7, 8, 9, 10, 11, 12, 13, 14, 15, 16, 17, 18, 19, 20, 21, 22, 23, 24, 25, 26, 27, 28, 29, 30, 31, 32, 33, 34, 35, 36, 37, 38, 39, 40, 41, 42, 43, 44, 45, 46, 47, 48, 49, 50, 51, 52, 53, 54, 55, 56, 57, 58, 59, 60, 61, 62, 63, 64, 65, 66, 67, 68, 69, 70, 71, 72, 73, 74, 75, 76, 77, 78, 79, 80, 81, 82, 83, 84, 85, 86, 87, 88, 89, 90, 91, 92, 93, 94, 95, 96, 97, 98], [0, 1, 2, 3, 4, 5, 6, 7, 8, 9, 10, 11, 12, 13, 14, 15, 16, 17, 18, 19, 20, 21, 22, 23, 24, 25, 26, 27, 28, 29, 30, 31, 32, 33, 34, 35, 36, 37, 38, 39, 40, 41, 42, 43, 44, 45, 46, 47, 48, 49, 50, 51, 52, 53, 54, 55, 56, 57, 58, 59, 60, 61, 62, 63, 64, 65, 66, 67, 68, 69, 70, 71, 72, 73, 74, 75, 76, 77, 78, 79, 80, 81, 82, 83, 84, 85, 86, 87, 88, 89, 90, 91, 92, 93, 94, 95, 96, 97, 98], [0, 1, 2, 3, 4, 5, 6, 7, 8, 9, 10, 11, 12, 13, 14, 15, 16, 17, 18, 19, 20, 21, 22, 23, 24, 25, 26, 27, 28, 29, 30, 31, 32, 33, 34, 35, 36, 37, 38, 39, 40, 41, 42, 43, 44, 45, 46, 47, 48, 49, 50, 51, 52, 53, 54, 55, 56, 57, 58, 59, 60, 61, 62, 63, 64, 65, 66, 67, 68, 69, 70, 71, 72, 73, 74, 75, 76, 77, 78, 79, 80, 81, 82, 83, 84, 85, 86, 87, 88, 89, 90, 91, 92, 93, 94, 95, 96, 97, 98], [0, 1, 2, 3, 4, 5, 6, 7, 8, 9, 10, 11, 12, 13, 14, 15, 16, 17, 18, 19, 20, 21, 22, 23, 24, 25, 26, 27, 28, 29, 30, 31, 32, 33, 34, 35, 36, 37, 38, 39, 40, 41, 42, 43, 44, 45, 46, 47, 48, 49, 50, 51, 52, 53, 54, 55, 56, 57, 58, 59, 60, 61, 62, 63, 64, 65, 66, 67, 68, 69, 70, 71, 72, 73, 74, 75, 76, 77, 78, 79, 80, 81, 82, 83, 84, 85, 86, 87, 88, 89, 90, 91, 92, 93, 94, 95, 96, 97, 98], [0, 1, 2, 3, 4, 5, 6, 7, 8, 9, 10, 11, 12, 13, 14, 15, 16, 17, 18, 19, 20, 21, 22, 23, 24, 25, 26, 27, 28, 29, 30, 31, 32, 33, 34, 35, 36, 37, 38, 39, 40, 41, 42, 43, 44, 45, 46, 47, 48, 49, 50, 51, 52, 53, 54, 55, 56, 57, 58, 59, 60, 61, 62, 63, 64, 65, 66, 67, 68, 69, 70, 71, 72, 73, 74, 75, 76, 77, 78, 79, 80, 81, 82, 83, 84, 85, 86, 87, 88, 89, 90, 91, 92, 93, 94, 95, 96, 97, 98], [0, 1, 2, 3, 4, 5, 6, 7, 8, 9, 10, 11, 12, 13, 14, 15, 16, 17, 18, 19, 20, 21, 22, 23, 24, 25, 26, 27, 28, 29, 30, 31, 32, 33, 34, 35, 36, 37, 38, 39, 40, 41, 42, 43, 44, 45, 46, 47, 48, 49, 50, 51, 52, 53, 54, 55, 56, 57, 58, 59, 60, 61, 62, 63, 64, 65, 66, 67, 68, 69, 70, 71, 72, 73, 74, 75, 76, 77, 78, 79, 80, 81, 82, 83, 84, 85, 86, 87, 88, 89, 90, 91, 92, 93, 94, 95, 96, 97, 98], [0, 1, 2, 3, 4, 5, 6, 7, 8, 9, 10, 11, 12, 13, 14, 15, 16, 17, 18, 19, 20, 21, 22, 23, 24, 25, 26, 27, 28, 29, 30, 31, 32, 33, 34, 35, 36, 37, 38, 39, 40, 41, 42, 43, 44, 45, 46, 47, 48, 49, 50, 51, 52, 53, 54, 55, 56, 57, 58, 59, 60, 61, 62, 63, 64, 65, 66, 67, 68, 69, 70, 71, 72, 73, 74, 75, 76, 77, 78, 79, 80, 81, 82, 83, 84, 85, 86, 87, 88, 89, 90, 91, 92, 93, 94, 95, 96, 97, 98], [0, 1, 2, 3, 4, 5, 6, 7, 8, 9, 10, 11, 12, 13, 14, 15, 16, 17, 18, 19, 20, 21, 22, 23, 24, 25, 26, 27, 28, 29, 30, 31, 32, 33, 34, 35, 36, 37, 38, 39, 40, 41, 42, 43, 44, 45, 46, 47, 48, 49, 50, 51, 52, 53, 54, 55, 56, 57, 58, 59, 60, 61, 62, 63, 64, 65, 66, 67, 68, 69, 70, 71, 72, 73, 74, 75, 76, 77, 78, 79, 80, 81, 82, 83, 84, 85, 86, 87, 88, 89, 90, 91, 92, 93, 94, 95, 96, 97, 98], [0, 1, 2, 3, 4, 5, 6, 7, 8, 9, 10, 11, 12, 13, 14, 15, 16, 17, 18, 19, 20, 21, 22, 23, 24, 25, 26, 27, 28, 29, 30, 31, 32, 33, 34, 35, 36, 37, 38, 39, 40, 41, 42, 43, 44, 45, 46, 47, 48, 49, 50, 51, 52, 53, 54, 55, 56, 57, 58, 59, 60, 61, 62, 63, 64, 65, 66, 67, 68, 69, 70, 71, 72, 73, 74, 75, 76, 77, 78, 79, 80, 81, 82, 83, 84, 85, 86, 87, 88, 89, 90, 91, 92, 93, 94, 95, 96, 97, 98], [0, 1, 2, 3, 4, 5, 6, 7, 8, 9, 10, 11, 12, 13, 14, 15, 16, 17, 18, 19, 20, 21, 22, 23, 24, 25, 26, 27, 28, 29, 30, 31, 32, 33, 34, 35, 36, 37, 38, 39, 40, 41, 42, 43, 44, 45, 46, 47, 48, 49, 50, 51, 52, 53, 54, 55, 56, 57, 58, 59, 60, 61, 62, 63, 64, 65, 66, 67, 68, 69, 70, 71, 72, 73, 74, 75, 76, 77, 78, 79, 80, 81, 82, 83, 84, 85, 86, 87, 88, 89, 90, 91, 92, 93, 94, 95, 96, 97, 98], [0, 1, 2, 3, 4, 5, 6, 7, 8, 9, 10, 11, 12, 13, 14, 15, 16, 17, 18, 19, 20, 21, 22, 23, 24, 25, 26, 27, 28, 29, 30, 31, 32, 33, 34, 35, 36, 37, 38, 39, 40, 41, 42, 43, 44, 45, 46, 47, 48, 49, 50, 51, 52, 53, 54, 55, 56, 57, 58, 59, 60, 61, 62, 63, 64, 65, 66, 67, 68, 69, 70, 71, 72, 73, 74, 75, 76, 77, 78, 79, 80, 81, 82, 83, 84, 85, 86, 87, 88, 89, 90, 91, 92, 93, 94, 95, 96, 97, 98], [0, 1, 2, 3, 4, 5, 6, 7, 8, 9, 10, 11, 12, 13, 14, 15, 16, 17, 18, 19, 20, 21, 22, 23, 24, 25, 26, 27, 28, 29, 30, 31, 32, 33, 34, 35, 36, 37, 38, 39, 40, 41, 42, 43, 44, 45, 46, 47, 48, 49, 50, 51, 52, 53, 54, 55, 56, 57, 58, 59, 60, 61, 62, 63, 64, 65, 66, 67, 68, 69, 70, 71, 72, 73, 74, 75, 76, 77, 78, 79, 80, 81, 82, 83, 84, 85, 86, 87, 88, 89, 90, 91, 92, 93, 94, 95, 96, 97, 98], [0, 1, 2, 3, 4, 5, 6, 7, 8, 9, 10, 11, 12, 13, 14, 15, 16, 17, 18, 19, 20, 21, 22, 23, 24, 25, 26, 27, 28, 29, 30, 31, 32, 33, 34, 35, 36, 37, 38, 39, 40, 41, 42, 43, 44, 45, 46, 47, 48, 49, 50, 51, 52, 53, 54, 55, 56, 57, 58, 59, 60, 61, 62, 63, 64, 65, 66, 67, 68, 69, 70, 71, 72, 73, 74, 75, 76, 77, 78, 79, 80, 81, 82, 83, 84, 85, 86, 87, 88, 89, 90, 91, 92, 93, 94, 95, 96, 97, 98], [0, 1, 2, 3, 4, 5, 6, 7, 8, 9, 10, 11, 12, 13, 14, 15, 16, 17, 18, 19, 20, 21, 22, 23, 24, 25, 26, 27, 28, 29, 30, 31, 32, 33, 34, 35, 36, 37, 38, 39, 40, 41, 42, 43, 44, 45, 46, 47, 48, 49, 50, 51, 52, 53, 54, 55, 56, 57, 58, 59, 60, 61, 62, 63, 64, 65, 66, 67, 68, 69, 70, 71, 72, 73, 74, 75, 76, 77, 78, 79, 80, 81, 82, 83, 84, 85, 86, 87, 88, 89, 90, 91, 92, 93, 94, 95, 96, 97, 98], [0, 1, 2, 3, 4, 5, 6, 7, 8, 9, 10, 11, 12, 13, 14, 15, 16, 17, 18, 19, 20, 21, 22, 23, 24, 25, 26, 27, 28, 29, 30, 31, 32, 33, 34, 35, 36, 37, 38, 39, 40, 41, 42, 43, 44, 45, 46, 47, 48, 49, 50, 51, 52, 53, 54, 55, 56, 57, 58, 59, 60, 61, 62, 63, 64, 65, 66, 67, 68, 69, 70, 71, 72, 73, 74, 75, 76, 77, 78, 79, 80, 81, 82, 83, 84, 85, 86, 87, 88, 89, 90, 91, 92, 93, 94, 95, 96, 97, 98], [0, 1, 2, 3, 4, 5, 6, 7, 8, 9, 10, 11, 12, 13, 14, 15, 16, 17, 18, 19, 20, 21, 22, 23, 24, 25, 26, 27, 28, 29, 30, 31, 32, 33, 34, 35, 36, 37, 38, 39, 40, 41, 42, 43, 44, 45, 46, 47, 48, 49, 50, 51, 52, 53, 54, 55, 56, 57, 58, 59, 60, 61, 62, 63, 64, 65, 66, 67, 68, 69, 70, 71, 72, 73, 74, 75, 76, 77, 78, 79, 80, 81, 82, 83, 84, 85, 86, 87, 88, 89, 90, 91, 92, 93, 94, 95, 96, 97, 98]]}}","{'K_in': 256, 'K_select': 32, 'energy_min': 66.0, 'energy_median': 210.0, 'energy_mean': 264.140625}","{'iters': 5123, 'best_energy': 26.0, 'trace_len': 1025}",N20_dcqo_plus_seed0
1769923394.6530554,Linux-6.8.0-90-generic-x86_64-with-glibc2.35,3.12.12,20,pce,256,256,32,gpu,gpu,3.0,,0,46.38543337100009,0.0,46.38538076199984,0.0011572700000215264,3.0002054780002254,34,26.0,9.919354838709678,"{'seeder': 'pce', 'backend': 'numpy', 'cudaq_available': False, 'compile_s': 0.0, 'sampling_s': 46.38538076199984, 'shots': 256, 'K_out': 256, 'raw_energy_min': 34, 'raw_energy_mean': 177.5625, 'params': {'layers': 15}, 'pce': {'n_qubits': 3, 'n_params': 112, 'layers': 15, 'operator_set': 'non_commuting', 'alpha': 4.5, 'beta': 15.0, 'max_restarts': 30, 'unique_seeds_found': 30, 'optimizer': 'L-BFGS-B', 'maxiter': 500}}","{'K_in': 256, 'K_select': 32, 'energy_min': 34.0, 'energy_median': 158.0, 'energy_mean': 177.5625}","{'iters': 5156, 'best_energy': 26.0, 'trace_len': 1032}",N20_pce_seed0
1769923397.6570215,Linux-6.8.0-90-generic-x86_64-with-glibc2.35,3.12.12,30,random,256,256,32,gpu,gpu,3.0,,0,0.00018027099986284156,0.0,0.00017466200006310828,0.0006650399996033229,3.0004462669999157,179,59.0,15.016129032258064,"{'seeder': 'random', 'backend': 'gpu', 'rng_seed': 0, 'compile_s': 0.0, 'sampling_s': 0.00017466200006310828, 'shots': 256, 'K_out': 256, 'notes': 'IID random ±1 baseline'}","{'K_in': 256, 'K_select': 32, 'energy_min': 179.0, 'energy_median': 403.0, 'energy_mean': 445.1875}","{'iters': 5137, 'best_energy': 59.0, 'trace_len': 1028}",N30_random_seed0
1769923401.6388214,Linux-6.8.0-90-generic-x86_64-with-glibc2.35,3.12.12,30,qaoa,256,256,32,gpu,gpu,3.0,,0,0.9759123220001129,0.513181417999931,0.4059731620000093,0.0009410640000169224,3.000352611999915,155,59.0,15.143145161290322,"{'seeder': 'qaoa', 'backend': 'gpu', 'cudaq_available': True, 'cudaq_target': 'nvidia', 'cudaq_seeded': True, 'compile_s': 0.513181417999931, 'sampling_s': 0.4059731620000093, 'shots': 256, 'K_out': 256, 'qubits': 30, 'depth_proxy': 189, 'raw_energy_min': 155, 'raw_energy_mean': 444.96875, 'params': {'p': 1, 'gamma': 0.8369616873214543, 'beta': 0.4697867137638703, 'max_lag': 6, 'bit_order': 'as_returned'}}","{'K_in': 256, 'K_select': 32, 'energy_min': 155.0, 'energy_median': 411.0, 'energy_mean': 444.96875}","{'iters': 5177, 'best_energy': 59.0, 'trace_len': 1036}",N30_qaoa_seed0
1769923426.7069917,Linux-6.8.0-90-generic-x86_64-with-glibc2.35,3.12.12,30,dcqo,256,256,32,gpu,gpu,3.0,,0,22.060153148000154,11.385303346,9.670614595000188,0.0013752770000792225,3.000256206999893,171,59.0,14.931451612903226,"{'seeder': 'dcqo', 'backend': 'gpu', 'cudaq_available': True, 'cudaq_target': 'nvidia', 'cudaq_seeded': True, 'compile_s': 11.385303346, 'sampling_s': 9.670614595000188, 'shots': 256, 'K_out': 256, 'qubits': 30, 'depth_proxy': 4536, 'raw_energy_min': 171, 'raw_energy_mean': 628.40625, 'params': {'steps': 24, 'max_lag': 6, 'total_time': 1.0, 'bit_order': 'as_returned'}}","{'K_in': 256, 'K_select': 32, 'energy_min': 171.0, 'energy_median': 511.0, 'energy_mean': 628.40625}","{'iters': 5178, 'best_energy': 59.0, 'trace_len': 1036}",N30_dcqo_seed0
1769923452.0165524,Linux-6.8.0-90-generic-x86_64-with-glibc2.35,3.12.12,30,dcqo_plus,256,256,32,gpu,gpu,3.0,,0,22.297678716000064,11.545941861999836,9.733673176000138,0.0013846209999428538,3.000721495000107,171,59.0,14.931451612903226,"{'seeder': 'dcqo_plus', 'backend': 'gpu', 'cudaq_available': True, 'cudaq_target': 'nvidia', 'cudaq_seeded': True, 'compile_s': 11.545941861999836, 'sampling_s': 9.733673176000138, 'shots': 256, 'K_out': 256, 'qubits': 30, 'depth_proxy': 4536, 'raw_energy_min': 171, 'raw_energy_mean': 628.40625, 'params': {'steps': 24, 'max_lag': 6, 'total_time': 1.0, 'bit_order': 'as_returned', 'trotter_config': {'time_grid': 'right_endpoint', 'ordering': 'fixed', 'K_perm': 1}}, 'trotter_meta': {'time_grid': 'right_endpoint', 'ordering': 'fixed', 'K_perm': 1, 't_points': [0.041666666666666664, 0.08333333333333333, 0.125, 0.16666666666666666, 0.20833333333333334, 0.25, 0.2916666666666667, 0.3333333333333333, 0.375, 0.4166666666666667, 0.4583333333333333, 0.5, 0.5416666666666666, 0.5833333333333334, 0.625, 0.6666666666666666, 0.7083333333333334, 0.75, 0.7916666666666666, 0.8333333333333334, 0.875, 0.9166666666666666, 0.9583333333333334, 1.0], 'order_sigs': ['4de2090da7d323b5', '4de2090da7d323b5', '4de2090da7d323b5', '4de2090da7d323b5', '4de2090da7d323b5', '4de2090da7d323b5', '4de2090da7d323b5', '4de2090da7d323b5', '4de2090da7d323b5', '4de2090da7d323b5', '4de2090da7d323b5', '4de2090da7d323b5', '4de2090da7d323b5', '4de2090da7d323b5', '4de2090da7d323b5', '4de2090da7d323b5', '4de2090da7d323b5', '4de2090da7d323b5', '4de2090da7d323b5', '4de2090da7d323b5', '4de2090da7d323b5', '4de2090da7d323b5', '4de2090da7d323b5', '4de2090da7d323b5'], 'pair_count': 159, 'depth_proxy': 4536, 'orders_preview': [{'first20': [0, 1, 2, 3, 4, 5, 6, 7, 8, 9, 10, 11, 12, 13, 14, 15, 16, 17, 18, 19], 'last20': [139, 140, 141, 142, 143, 144, 145, 146, 147, 148, 149, 150, 151, 152, 153, 154, 155, 156, 157, 158]}, {'first20': [0, 1, 2, 3, 4, 5, 6, 7, 8, 9, 10, 11, 12, 13, 14, 15, 16, 17, 18, 19], 'last20': [139, 140, 141, 142, 143, 144, 145, 146, 147, 148, 149, 150, 151, 152, 153, 154, 155, 156, 157, 158]}, {'first20': [0, 1, 2, 3, 4, 5, 6, 7, 8, 9, 10, 11, 12, 13, 14, 15, 16, 17, 18, 19], 'last20': [139, 140, 141, 142, 143, 144, 145, 146, 147, 148, 149, 150, 151, 152, 153, 154, 155, 156, 157, 158]}, {'first20': [0, 1, 2, 3, 4, 5, 6, 7, 8, 9, 10, 11, 12, 13, 14, 15, 16, 17, 18, 19], 'last20': [139, 140, 141, 142, 143, 144, 145, 146, 147, 148, 149, 150, 151, 152, 153, 154, 155, 156, 157, 158]}, {'first20': [0, 1, 2, 3, 4, 5, 6, 7, 8, 9, 10, 11, 12, 13, 14, 15, 16, 17, 18, 19], 'last20': [139, 140, 141, 142, 143, 144, 145, 146, 147, 148, 149, 150, 151, 152, 153, 154, 155, 156, 157, 158]}, {'first20': [0, 1, 2, 3, 4, 5, 6, 7, 8, 9, 10, 11, 12, 13, 14, 15, 16, 17, 18, 19], 'last20': [139, 140, 141, 142, 143, 144, 145, 146, 147, 148, 149, 150, 151, 152, 153, 154, 155, 156, 157, 158]}, {'first20': [0, 1, 2, 3, 4, 5, 6, 7, 8, 9, 10, 11, 12, 13, 14, 15, 16, 17, 18, 19], 'last20': [139, 140, 141, 142, 143, 144, 145, 146, 147, 148, 149, 150, 151, 152, 153, 154, 155, 156, 157, 158]}, {'first20': [0, 1, 2, 3, 4, 5, 6, 7, 8, 9, 10, 11, 12, 13, 14, 15, 16, 17, 18, 19], 'last20': [139, 140, 141, 142, 143, 144, 145, 146, 147, 148, 149, 150, 151, 152, 153, 154, 155, 156, 157, 158]}, {'first20': [0, 1, 2, 3, 4, 5, 6, 7, 8, 9, 10, 11, 12, 13, 14, 15, 16, 17, 18, 19], 'last20': [139, 140, 141, 142, 143, 144, 145, 146, 147, 148, 149, 150, 151, 152, 153, 154, 155, 156, 157, 158]}, {'first20': [0, 1, 2, 3, 4, 5, 6, 7, 8, 9, 10, 11, 12, 13, 14, 15, 16, 17, 18, 19], 'last20': [139, 140, 141, 142, 143, 144, 145, 146, 147, 148, 149, 150, 151, 152, 153, 154, 155, 156, 157, 158]}, {'first20': [0, 1, 2, 3, 4, 5, 6, 7, 8, 9, 10, 11, 12, 13, 14, 15, 16, 17, 18, 19], 'last20': [139, 140, 141, 142, 143, 144, 145, 146, 147, 148, 149, 150, 151, 152, 153, 154, 155, 156, 157, 158]}, {'first20': [0, 1, 2, 3, 4, 5, 6, 7, 8, 9, 10, 11, 12, 13, 14, 15, 16, 17, 18, 19], 'last20': [139, 140, 141, 142, 143, 144, 145, 146, 147, 148, 149, 150, 151, 152, 153, 154, 155, 156, 157, 158]}, {'first20': [0, 1, 2, 3, 4, 5, 6, 7, 8, 9, 10, 11, 12, 13, 14, 15, 16, 17, 18, 19], 'last20': [139, 140, 141, 142, 143, 144, 145, 146, 147, 148, 149, 150, 151, 152, 153, 154, 155, 156, 157, 158]}, {'first20': [0, 1, 2, 3, 4, 5, 6, 7, 8, 9, 10, 11, 12, 13, 14, 15, 16, 17, 18, 19], 'last20': [139, 140, 141, 142, 143, 144, 145, 146, 147, 148, 149, 150, 151, 152, 153, 154, 155, 156, 157, 158]}, {'first20': [0, 1, 2, 3, 4, 5, 6, 7, 8, 9, 10, 11, 12, 13, 14, 15, 16, 17, 18, 19], 'last20': [139, 140, 141, 142, 143, 144, 145, 146, 147, 148, 149, 150, 151, 152, 153, 154, 155, 156, 157, 158]}, {'first20': [0, 1, 2, 3, 4, 5, 6, 7, 8, 9, 10, 11, 12, 13, 14, 15, 16, 17, 18, 19], 'last20': [139, 140, 141, 142, 143, 144, 145, 146, 147, 148, 149, 150, 151, 152, 153, 154, 155, 156, 157, 158]}, {'first20': [0, 1, 2, 3, 4, 5, 6, 7, 8, 9, 10, 11, 12, 13, 14, 15, 16, 17, 18, 19], 'last20': [139, 140, 141, 142, 143, 144, 145, 146, 147, 148, 149, 150, 151, 152, 153, 154, 155, 156, 157, 158]}, {'first20': [0, 1, 2, 3, 4, 5, 6, 7, 8, 9, 10, 11, 12, 13, 14, 15, 16, 17, 18, 19], 'last20': [139, 140, 141, 142, 143, 144, 145, 146, 147, 148, 149, 150, 151, 152, 153, 154, 155, 156, 157, 158]}, {'first20': [0, 1, 2, 3, 4, 5, 6, 7, 8, 9, 10, 11, 12, 13, 14, 15, 16, 17, 18, 19], 'last20': [139, 140, 141, 142, 143, 144, 145, 146, 147, 148, 149, 150, 151, 152, 153, 154, 155, 156, 157, 158]}, {'first20': [0, 1, 2, 3, 4, 5, 6, 7, 8, 9, 10, 11, 12, 13, 14, 15, 16, 17, 18, 19], 'last20': [139, 140, 141, 142, 143, 144, 145, 146, 147, 148, 149, 150, 151, 152, 153, 154, 155, 156, 157, 158]}, {'first20': [0, 1, 2, 3, 4, 5, 6, 7, 8, 9, 10, 11, 12, 13, 14, 15, 16, 17, 18, 19], 'last20': [139, 140, 141, 142, 143, 144, 145, 146, 147, 148, 149, 150, 151, 152, 153, 154, 155, 156, 157, 158]}, {'first20': [0, 1, 2, 3, 4, 5, 6, 7, 8, 9, 10, 11, 12, 13, 14, 15, 16, 17, 18, 19], 'last20': [139, 140, 141, 142, 143, 144, 145, 146, 147, 148, 149, 150, 151, 152, 153, 154, 155, 156, 157, 158]}, {'first20': [0, 1, 2, 3, 4, 5, 6, 7, 8, 9, 10, 11, 12, 13, 14, 15, 16, 17, 18, 19], 'last20': [139, 140, 141, 142, 143, 144, 145, 146, 147, 148, 149, 150, 151, 152, 153, 154, 155, 156, 157, 158]}, {'first20': [0, 1, 2, 3, 4, 5, 6, 7, 8, 9, 10, 11, 12, 13, 14, 15, 16, 17, 18, 19], 'last20': [139, 140, 141, 142, 143, 144, 145, 146, 147, 148, 149, 150, 151, 152, 153, 154, 155, 156, 157, 158]}]}}","{'K_in': 256, 'K_select': 32, 'energy_min': 171.0, 'energy_median': 511.0, 'energy_mean': 628.40625}","{'iters': 5145, 'best_energy': 59.0, 'trace_len': 1029}",N30_dcqo_plus_seed0
1769923518.9669132,Linux-6.8.0-90-generic-x86_64-with-glibc2.35,3.12.12,30,pce,256,256,32,gpu,gpu,3.0,,0,63.94494184999985,0.0,63.94489142399971,0.0013668440001310955,3.0002950260000034,83,59.0,15.153225806451612,"{'seeder': 'pce', 'backend': 'numpy', 'cudaq_available': False, 'compile_s': 0.0, 'sampling_s': 63.94489142399971, 'shots': 256, 'K_out': 256, 'raw_energy_min': 83, 'raw_energy_mean': 388.875, 'params': {'layers': 15}, 'pce': {'n_qubits': 3, 'n_params': 112, 'layers': 15, 'operator_set': 'non_commuting', 'alpha': 4.5, 'beta': 15.0, 'max_restarts': 30, 'unique_seeds_found': 30, 'optimizer': 'L-BFGS-B', 'maxiter': 500}}","{'K_in': 256, 'K_select': 32, 'energy_min': 83.0, 'energy_median': 363.0, 'energy_mean': 388.875}","{'iters': 5107, 'best_energy': 59.0, 'trace_len': 1022}",N30_pce_seed0
1769923521.9720469,Linux-6.8.0-90-generic-x86_64-with-glibc2.35,3.12.12,40,random,256,256,32,gpu,gpu,3.0,,0,0.00023126799987949198,0.0,0.00022389700006897328,0.00088991700022234,3.000596587000018,316,116.0,19.961693548387096,"{'seeder': 'random', 'backend': 'gpu', 'rng_seed': 0, 'compile_s': 0.0, 'sampling_s': 0.00022389700006897328, 'shots': 256, 'K_out': 256, 'notes': 'IID random ±1 baseline'}","{'K_in': 256, 'K_select': 32, 'energy_min': 316.0, 'energy_median': 738.0, 'energy_mean': 781.75}","{'iters': 5075, 'best_energy': 116.0, 'trace_len': 1015}",N40_random_seed0
1769923583.6365552,Linux-6.8.0-90-generic-x86_64-with-glibc2.35,3.12.12,40,pce,256,256,32,gpu,gpu,3.0,,0,58.65952073599965,0.0,58.65946796600019,0.0013930130003245722,3.00025601499965,184,108.0,19.993951612903224,"{'seeder': 'pce', 'backend': 'numpy', 'cudaq_available': False, 'compile_s': 0.0, 'sampling_s': 58.65946796600019, 'shots': 256, 'K_out': 256, 'raw_energy_min': 184, 'raw_energy_mean': 705.21875, 'params': {'layers': 15}, 'pce': {'n_qubits': 3, 'n_params': 112, 'layers': 15, 'operator_set': 'non_commuting', 'alpha': 4.5, 'beta': 15.0, 'max_restarts': 30, 'unique_seeds_found': 30, 'optimizer': 'L-BFGS-B', 'maxiter': 500}}","{'K_in': 256, 'K_select': 32, 'energy_min': 184.0, 'energy_median': 672.0, 'energy_mean': 705.21875}","{'iters': 5152, 'best_energy': 108.0, 'trace_len': 1031}",N40_pce_seed0
